/knowledge-base/en/* /en/knowledge-base/:splat 301

/die-besten-podcasts-fuer-freelancer/ /2023/02/06/die-besten-podcasts-fuer-freelancer/ 301
/announcing-our-cooperation-with-muffin/ /2023/01/20/announcing-our-cooperation-with-muffin/ 301
/the-tools-and-tech-stack-we-use-to-run-our-startup/ /2021/07/19/the-tools-and-tech-stack-we-use-to-run-our-startup/ 301
/ipas-apis-freelancer-meetup-winter-celebration/ /2022/12/08/ipas-apis-freelancer-meetup-winter-celebration/ 301
/announcing-our-cooperation-with-insureq/ /2022/07/27/announcing-our-cooperation-with-insureq/ 301
/announcing-our-cooperation-with-movers-and-makers/ /2022/11/17/announcing-our-cooperation-with-movers-and-makers/ 301
/3-common-challenges-for-expat-freelancers/ /2022/11/10/3-common-challenges-for-expat-freelancers/ 301
/deep-dive-powerful-sales-strategies/ /2022/10/14/deep-dive-powerful-sales-strategies/ 301
/qonto-insights-innovative-unternehmenskultur/ /2022/09/16/qonto-insights-innovative-unternehmenskultur/ 301
/gastbeitrag-von-unserem-partner-fyrst-uber-das-richtige-setup-fur-den-start-in-deine-selbststandigkeit/ /2022/08/29/gastbeitrag-von-unserem-partner-fyrst-uber-das-richtige-setup-fur-den-start-in-deine-selbststandigkeit/ 301
/interview-mit-rainer-rapp-von-unserem-neuen-partner-papierkram/ /2022/08/24/interview-mit-rainer-rapp-von-unserem-neuen-partner-papierkram/ 301
/fuenf-versicherungen-fuer-freelancer/ /2022/08/10/fuenf-versicherungen-fuer-freelancer/ 301
/interview-mit-accountable/ /2022/07/05/interview-mit-accountable/ 301
/deep-dive-recruiting-strategies-to-successfully-grow-your-team/ /2022/07/22/deep-dive-recruiting-strategies-to-successfully-grow-your-team/ 301
/interview-mit-gerald-moll-meintagwerk/ /2022/07/01/interview-mit-gerald-moll-meintagwerk/ 301
/freelance-summer-fest-2022-recap/ /2022/07/07/freelance-summer-fest-2022-recap/ 301
/announcing-our-cooperation-with-likvi/ /2022/06/24/announcing-our-cooperation-with-likvi/ 301
/anfaengerfehler-die-dich-als-freelancer-deinen-kopf-kosten-koennen/ /2022/06/16/anfaengerfehler-die-dich-als-freelancer-deinen-kopf-kosten-koennen/ 301
/cooperation-with-ready-set-move/ /2022/06/15/cooperation-with-ready-set-move/ 301
/product-market-fit-webinar-with-qonto/ /2022/05/27/product-market-fit-webinar-with-qonto/ 301
/welcoming-techies-from-ukraine/ /2022/04/20/welcoming-techies-from-ukraine/ 301
/launching-our-event-series-with-our-partner-qonto/ /2022/04/08/launching-our-event-series-with-our-partner-qonto/ 301
/announcing-our-cooperation-with-vantik/ /2020/06/15/announcing-our-cooperation-with-vantik/ 301
/announcing-our-cooperation-with-hiscox/ /2022/02/11/announcing-our-cooperation-with-hiscox/ 301
/versicherungsmythos-sind-it-und-cyber-risiken-das-gleiche/ /2022/02/11/versicherungsmythos-sind-it-und-cyber-risiken-das-gleiche/ 301
/how-to-scale-up-your-business-webinar-with-qonto/ /2022/01/28/how-to-scale-up-your-business-webinar-with-qonto/ 301
/announcing-our-double-the-coins-campaign/ /2022/01/05/announcing-our-double-the-coins-campaign/ 301
/xmas-donations-2021-results/ /2022/01/04/xmas-donations-2021-results/ 301
/august-2021-ipas-and-apis-community-meetup-in-berlin/ /2021/09/02/august-2021-ipas-and-apis-community-meetup-in-berlin/ 301
/xmas-donations-2021/ /2021/12/03/xmas-donations-2021/ 301
/interview-mit-sandra-loehning-von-exali/ /2021/11/10/interview-mit-sandra-loehning-von-exali/ 301
/mastermind-groups/ /2019/06/20/mastermind-groups/ 301
/check-your-recruiter-contracts-with-uplink/ /2019/10/09/check-your-recruiter-contracts-with-uplink/ 301
/community-jobs/ /2020/02/07/community-jobs/ 301
/launching-our-webinar-series/ /2020/05/06/launching-our-webinar-series/ 301
/start-and-redesign-of-our-remote-community-meetups/ /2020/06/02/start-and-redesign-of-our-remote-community-meetups/ 301
/announcing-our-cooperation-with-sevdesk/ /2020/07/29/announcing-our-cooperation-with-sevdesk/ 301
/zusammenarbeit-independesk/ /2021/04/20/zusammenarbeit-independesk/ 301
/recruiter-jobs-are-now-free-for-all/ /2021/10/28/recruiter-jobs-are-now-free-for-all/ 301
/october-ipas-and-apis-community-meetup-in-berlin-2/ /2021/10/22/october-ipas-and-apis-community-meetup-in-berlin-2/ 301
/announcing-our-cooperation-with-qonto/ /2021/10/07/announcing-our-cooperation-with-qonto/ 301
/interview-sandor-farkas/ /2019/11/12/interview-sandor-farkas/ 301
/referring-clients-and-freelancers-made-easier/ /2021/09/07/referring-clients-and-freelancers-made-easier/ 301
/lean-startup-einfach-gruenden-oder-wie/ /2021/08/26/lean-startup-einfach-gruenden-oder-wie/ 301
/deep-dive-into-specialisation-and-positioning-as-a-freelancer/ /2021/08/24/deep-dive-into-specialisation-and-positioning-as-a-freelancer/ 301
/warum-unternehmen-gerade-jetzt-mit-freiberuflern-zusammenarbeiten-sollten/ /2020/08/12/warum-unternehmen-gerade-jetzt-mit-freiberuflern-zusammenarbeiten-sollten/ 301
/announcing-our-community-wiki/ /2020/06/12/announcing-our-community-wiki/ 301
/covid-19-resources-for-freelancers-in-germany/ /2020/04/21/covid-19-resources-for-freelancers-in-germany/ 301
/re-announcing-our-cooperation-with-exali/ /2020/07/02/re-announcing-our-cooperation-with-exali/ 301
/how-to-spot-unfair-freelance-contracts/ /2018/11/20/how-to-spot-unfair-freelance-contracts/ 301
/best-platform-for-freelancers-in-2021/ /2021/07/02/best-platform-for-freelancers-in-2021/ 301
/lets-make-this-work-how-to-set-your-freelancers-up-for-success/ /2021/05/10/lets-make-this-work-how-to-set-your-freelancers-up-for-success/ 301
/our-cooperation-with-kontist/ /2021/05/11/our-cooperation-with-kontist/ 301
/announcing-our-cooperation-with-expath/ /2020/09/02/announcing-our-cooperation-with-expath/ 301
/sind-wir-im-homeoffice-produktiver/ /2021/04/01/sind-wir-im-homeoffice-produktiver/ 301
/google-web-vitals-alles-ueber-das-google-update-im-mai-2021/ /2021/02/23/google-web-vitals-alles-ueber-das-google-update-im-mai-2021/ 301
/webinar-zu-dienstvertraegen-datenschutz-und-digitalen-signaturen/ /2021/03/23/webinar-zu-dienstvertraegen-datenschutz-und-digitalen-signaturen/ 301
/homeoffice-das-sind-die-regeln-bis-ende-april/ /2021/03/15/homeoffice-das-sind-die-regeln-bis-ende-april/ 301
/announcing-our-cooperation-with-welance/ /2019/11/26/announcing-our-cooperation-with-welance/ 301
/unterschiede-zwischen-werk-und-dienstvertrag-bei-der-beauftragung-von-freelancern/ /2021/02/15/unterschiede-zwischen-werk-und-dienstvertrag-bei-der-beauftragung-von-freelancern/ 301
/announcing-our-cooperation-with-heev/ /2021/01/27/announcing-our-cooperation-with-heev/ 301
/gewerbe-oder-freiberuflerin-was-ist-besser/ /2021/01/21/gewerbe-oder-freiberuflerin-was-ist-besser/ 301
/how-to-run-an-efficient-two-person-company/ /2020/12/11/how-to-run-an-efficient-two-person-company/ 301
/announcing-our-cooperation-with-dbits/ /2020/12/02/announcing-our-cooperation-with-dbits/ 301
/interview-with-ben-and-rene-from-nemensis/ /2020/10/20/interview-with-ben-and-rene-from-nemensis/ 301
/announcing-our-first-recruiting-partner-nemensis/ /2020/09/15/announcing-our-first-recruiting-partner-nemensis/ 301
/announcing-our-cooperation-with-accountable/ /2020/08/26/announcing-our-cooperation-with-accountable/ 301
/webinar-and-refreshed-cooperation-with-kontist/ /2020/08/07/webinar-and-refreshed-cooperation-with-kontist/ 301
/re-announcing-our-cooperation-with-kontist/ /2019/09/12/re-announcing-our-cooperation-with-kontist/ 301
/announcing-our-cooperation-with-modis/ /2020/01/21/announcing-our-cooperation-with-modis/ 301
/january-2020-ipas-and-apis-community-meetup-in-berlin/ /2020/01/30/january-2020-ipas-and-apis-community-meetup-in-berlin/ 301
/interview-niels-madan/ /2019/10/30/interview-niels-madan/ 301
/october-ipas-and-apis-community-meetup-in-berlin/ /2019/10/21/october-ipas-and-apis-community-meetup-in-berlin/ 301
/interview-thomas-kruger/ /2019/10/15/interview-thomas-kruger/ 301
/interview-mirko-strugar/ /2019/10/02/interview-mirko-strugar/ 301
/second-community-meetup-in-munchen/ /2019/09/17/second-community-meetup-in-munchen/ 301
/interview-manuel-bieh/ /2019/09/10/interview-manuel-bieh/ 301
/interview-bastian-gruber/ /2019/08/28/interview-bastian-gruber/ 301
/july-apis-and-ipas-community-meetup-at-strassenbraeu-in-berlin/ /2019/08/13/july-apis-and-ipas-community-meetup-at-strassenbraeu-in-berlin/ 301
/interview-andreas-hartmetz/ /2019/08/14/interview-andreas-hartmetz/ 301
/announcing-our-cooperation-with-lexoffice/ /2019/08/12/announcing-our-cooperation-with-lexoffice/ 301
/looking-back-and-ahead/ /2019/01/11/looking-back-and-ahead/ 301
/june-ipas-and-apis-communty-meetup-in-berlin/ /2019/07/09/june-ipas-and-apis-communty-meetup-in-berlin/ 301
/meet-the-uplink-community-interview-mit-florian-ritzel/ /2019/07/31/meet-the-uplink-community-interview-mit-florian-ritzel/ 301
/community-interview-britta-ollrogge/ /2019/07/19/community-interview-britta-ollrogge/ 301
/interview-with-uplink-member-gerold-kirchner-about-self-organizing-freelancers/ /2019/06/04/interview-with-uplink-member-gerold-kirchner-about-self-organizing-freelancers/ 301
/april-community-meetup-at-muted-horn-in-berlin-neukoelln/ /2019/04/30/april-community-meetup-at-muted-horn-in-berlin-neukoelln/ 301
/announcing-our-cooperation-with-the-tax-consultancy-fuehrer-orgel/ /2019/04/08/announcing-our-cooperation-with-the-tax-consultancy-fuehrer-orgel/ 301
/first-ipas-and-apis-meetup-in-2019-at-labor-in-berlin/ /2019/03/04/first-ipas-and-apis-meetup-in-2019-at-labor-in-berlin/ 301
/results-of-our-xmas-donations-campaign/ /2019/01/16/results-of-our-xmas-donations-campaign/ 301
/xmas-donations-campaign-2018/ /2018/12/14/xmas-donations-campaign-2018/ 301

/member-news-february-2023/ https://uplink.tech/member-news/member-news-february-2023 301
/member-news-july-2021/ https://uplink.tech/member-news/member-news-july-2021 301
/member-news-august-2021/ https://uplink.tech/member-news/member-news-august-2021 301
/member-news-october-2021/ https://uplink.tech/member-news/member-news-october-2021 301
/member-news-september-2021/ https://uplink.tech/member-news/member-news-september-2021 301
/member-news-november-2021/ https://uplink.tech/member-news/member-news-november-2021 301
/member-news-january-2022/ https://uplink.tech/member-news/member-news-january-2022 301
/member-news-december-2021/ https://uplink.tech/member-news/member-news-december-2021 301
/member-news-february-2022/ https://uplink.tech/member-news/member-news-february-2022 301
/member-news-april-2022/ https://uplink.tech/member-news/member-news-april-2022 301
/member-news-march-2022/ https://uplink.tech/member-news/member-news-march-2022 301
/member-news-may-2022/ https://uplink.tech/member-news/member-news-may-2022 301
/member-news-july-2022/ https://uplink.tech/member-news/member-news-july-2022 301
/member-news-june-2022/ https://uplink.tech/member-news/member-news-june-2022 301
/member-news-september-2022/ https://uplink.tech/member-news/member-news-september-2022 301
/member-news-august-2022/ https://uplink.tech/member-news/member-news-august-2022 301
/member-news-october-2022/ https://uplink.tech/member-news/member-news-october-2022 301
/member-news-november-2022/ https://uplink.tech/member-news/member-news-november-2022 301
/member-news-december-2022/ https://uplink.tech/member-news/member-news-december-2022 301
/member-news-january-2023/ https://uplink.tech/member-news/member-news-january-2023 301

/blog/tag/community-meetup/	/blog/tag/meetup/ 301
/blog/tag/* /blog/tags/:splat 301
